insert into user (user_id, email, `name`, password, `role`)
values ('song1', 'song@example.com', 'song1', '$2a$12$OCjM3wyRHJ3IkjjtBrOotuARJT6etDEP/BmwWQaIW62LvFNCutoZq', 'USER');

insert into user (user_id, email, `name`, password, `role`)
values ('song2', 'song2@example.com', 'song2', '$2a$12$5DYWdp3/vxWV3AVU7kU82e2.gzsbmBQ7mzfWvsANr8TFuqCBuk5SG', 'USER');

insert into user (user_id, email, `name`, password, `role`)
values ('song3', 'song3@example.com', 'song3', '$2a$12$gE3Fq1..bDLBTJVSOJXNWemLApFafXrbNUIQjezfMobRHYqbeC1Oq', 'USER');

insert into user (user_id, email, `name`, password, `role`)
values ('song4', 'song4@example.com', 'song4', '$2a$12$qSIMcThK36b9g.3DAcYuAueQDNbzYqLj9cjyXE.rbzwhmy1IZ8fBS', 'USER');

insert into user (user_id, email, `name`, password, `role`)
values ('song5', 'song5@example.com', 'song5', '$2a$12$XpA5sRrVIEHjYswXFUKwhuQlzg/IZ1axBG9ssmd/xskuWGMYBZSBi', 'USER');

insert into user (user_id, email, `name`, password, `role`)
values ('song6', 'song6@example.com', 'song6', '$2a$12$MG2yYHKbciE3i0zjzUeWueaH0mnDBrp.MCVrxYuN3pLsB2.fUrWHq', 'USER');

insert into user (user_id, email, `name`, password, `role`)
values ('song7', 'song7@example.com', 'song7', '$2a$12$uEq5BQ0gZtNZVVNLVd95JOPDqN1obA1PwMut7yBgGJxjw4Px8nJHW', 'USER');

insert into user (user_id, email, `name`, password, `role`)
values ('song8', 'song8@example.com', 'song8', '$2a$12$ZWAtFvMsOgfcc4ulolwTs.EwByxRgky/GmcuUABSbEBHTfDcR4Iy2', 'USER');


insert into post (title, body, user_id) values ('bridges of madison county, the', 'fusce posuere felis sed lacus. morbi sem mauris, laoreet ut, rhoncus aliquet, pulvinar sed, nisl. nunc rhoncus dui vel sem.

sed sagittis. nam congue, risus semper porta volutpat, quam pede lobortis ligula, sit amet eleifend pede libero quis orci. nullam molestie nibh in lectus.

pellentesque at nulla. suspendisse potenti. cras in purus eu magna vulputate luctus.', 'song1');
insert into post (title, body, user_id) values ('age of the earth, the (a idade da terra)', 'duis bibendum, felis sed interdum venenatis, turpis enim blandit mi, in porttitor pede justo eu massa. donec dapibus. duis at velit eu est congue elementum.', 'song2');
insert into post (title, body, user_id) values ('italian job, the', 'in hac habitasse platea dictumst. morbi vestibulum, velit id pretium iaculis, diam erat fermentum justo, nec condimentum neque sapien placerat ante. nulla justo.

aliquam quis turpis eget elit sodales scelerisque. mauris sit amet eros. suspendisse accumsan tortor quis turpis.

sed ante. vivamus tortor. duis mattis egestas metus.', 'song3');
insert into post (title, body, user_id) values ('american graffiti', 'aenean lectus. pellentesque eget nunc. donec quis orci eget orci vehicula condimentum.

curabitur in libero ut massa volutpat convallis. morbi odio odio, elementum eu, interdum eu, tincidunt in, leo. maecenas pulvinar lobortis est.', 'song4');
insert into post (title, body, user_id) values ('trapped in paradise', 'in sagittis dui vel nisl. duis ac nibh. fusce lacus purus, aliquet at, feugiat non, pretium quis, lectus.', 'song5');
insert into post (title, body, user_id) values ('the d.i.', 'nullam sit amet turpis elementum ligula vehicula consequat. morbi a ipsum. integer a nibh.

in quis justo. maecenas rhoncus aliquam lacus. morbi quis tortor id nulla ultrices aliquet.

maecenas leo odio, condimentum id, luctus nec, molestie sed, justo. pellentesque viverra pede ac diam. cras pellentesque volutpat dui.', 'song6');
insert into post (title, body, user_id) values ('private function, a', 'etiam vel augue. vestibulum rutrum rutrum neque. aenean auctor gravida sem.', 'song7');
insert into post (title, body, user_id) values ('kevin smith: too fat for 40', 'maecenas ut massa quis augue luctus tincidunt. nulla mollis molestie lorem. quisque ut erat.

curabitur gravida nisi at nibh. in hac habitasse platea dictumst. aliquam augue quam, sollicitudin vitae, consectetuer eget, rutrum at, lorem.

integer tincidunt ante vel ipsum. praesent blandit lacinia erat. vestibulum sed magna at nunc commodo placerat.', 'song8');
insert into post (title, body, user_id) values ('inland empire', 'quisque id justo sit amet sapien dignissim vestibulum. vestibulum ante ipsum primis in faucibus orci luctus et ultrices posuere cubilia curae; nulla dapibus dolor vel est. donec odio justo, sollicitudin ut, suscipit a, feugiat et, eros.', 'song2');
insert into post (title, body, user_id) values ('strike up the band', 'nam ultrices, libero non mattis pulvinar, nulla pede ullamcorper augue, a suscipit nulla elit ac nulla. sed vel enim sit amet nunc viverra dapibus. nulla suscipit ligula in lacus.

curabitur at ipsum ac tellus semper interdum. mauris ullamcorper purus sit amet nulla. quisque arcu libero, rutrum ac, lobortis vel, dapibus at, diam.', 'song3');
insert into post (title, body, user_id) values ('everybody, user_id''s acting', 'donec diam neque, vestibulum eget, vulputate ut, ultrices vel, augue. vestibulum ante ipsum primis in faucibus orci luctus et ultrices posuere cubilia curae; donec pharetra, magna vestibulum aliquet ultrices, erat tortor sollicitudin mi, sit amet lobortis sapien sapien non mi. integer ac neque.', 'song4');
insert into post (title, body, user_id) values ('macgyver: lost treasure of atlantis', 'maecenas leo odio, condimentum id, luctus nec, molestie sed, justo. pellentesque viverra pede ac diam. cras pellentesque volutpat dui.

Maecenas tristique, est et tempus semper, est quam pharetra magna, ac consequat metus sapien ut nunc. Vestibulum ante ipsum primis in faucibus orci luctus et ultrices posuere cubilia Curae; Mauris viverra diam vitae quam. Suspendisse potenti.

Nullam porttitor lacus at turpis. Donec posuere metus vitae ipsum. Aliquam non mauris.', 'song5');
insert into post (title, body, user_id) values ('One Missed Call', 'Pellentesque at nulla. Suspendisse potenti. Cras in purus eu magna vulputate luctus.

Cum sociis natoque penatibus et magnis dis parturient montes, nascetur ridiculus mus. Vivamus vestibulum sagittis sapien. Cum sociis natoque penatibus et magnis dis parturient montes, nascetur ridiculus mus.', 'song6');
insert into post (title, body, user_id) values ('Breathe In', 'Praesent blandit. Nam nulla. Integer pede justo, lacinia eget, tincidunt eget, tempus vel, pede.

Morbi porttitor lorem id ligula. Suspendisse ornare consequat lectus. In est risus, auctor sed, tristique in, tempus sit amet, sem.

Fusce consequat. Nulla nisl. Nunc nisl.', 'song7');
insert into post (title, body, user_id) values ('Masque of the Red Death, The', 'Etiam vel augue. Vestibulum rutrum rutrum neque. Aenean auctor gravida sem.

Praesent id massa id nisl venenatis lacinia. Aenean sit amet justo. Morbi ut odio.', 'song8');
insert into post (title, body, user_id) values ('Jeepers Creepers 2', 'In quis justo. Maecenas rhoncus aliquam lacus. Morbi quis tortor id nulla ultrices aliquet.

Maecenas leo odio, condimentum id, luctus nec, molestie sed, justo. Pellentesque viverra pede ac diam. Cras pellentesque volutpat dui.

Maecenas tristique, est et tempus semper, est quam pharetra magna, ac consequat metus sapien ut nunc. Vestibulum ante ipsum primis in faucibus orci luctus et ultrices posuere cubilia Curae; Mauris viverra diam vitae quam. Suspendisse potenti.', 'song1');
insert into post (title, body, user_id) values ('Operation Endgame', 'In quis justo. Maecenas rhoncus aliquam lacus. Morbi quis tortor id nulla ultrices aliquet.', 'song2');
insert into post (title, body, user_id) values ('After School Midnighters (Hôkago middonaitâzu)', 'Donec diam neque, vestibulum eget, vulputate ut, ultrices vel, augue. Vestibulum ante ipsum primis in faucibus orci luctus et ultrices posuere cubilia Curae; Donec pharetra, magna vestibulum aliquet ultrices, erat tortor sollicitudin mi, sit amet lobortis sapien sapien non mi. Integer ac neque.', 'song3');
insert into post (title, body, user_id) values ('Scarlet Diva', 'Proin interdum mauris non ligula pellentesque ultrices. Phasellus id sapien in sapien iaculis congue. Vivamus metus arcu, adipiscing molestie, hendrerit at, vulputate vitae, nisl.

Aenean lectus. Pellentesque eget nunc. Donec quis orci eget orci vehicula condimentum.', 'song4');
insert into post (title, body, user_id) values ('Firaaq', 'Maecenas ut massa quis augue luctus tincidunt. Nulla mollis molestie lorem. Quisque ut erat.

Curabitur gravida nisi at nibh. In hac habitasse platea dictumst. Aliquam augue quam, sollicitudin vitae, consectetuer eget, rutrum at, lorem.', 'song5');
insert into post (title, body, user_id) values ('Hated', 'Cum sociis natoque penatibus et magnis dis parturient montes, nascetur ridiculus mus. Vivamus vestibulum sagittis sapien. Cum sociis natoque penatibus et magnis dis parturient montes, nascetur ridiculus mus.

Etiam vel augue. Vestibulum rutrum rutrum neque. Aenean auctor gravida sem.', 'song6');
insert into post (title, body, user_id) values ('a via láctea', 'etiam vel augue. vestibulum rutrum rutrum neque. aenean auctor gravida sem.

praesent id massa id nisl venenatis lacinia. aenean sit amet justo. morbi ut odio.', 'song1');
insert into post (title, body, user_id) values ('Goodbye Uncle Tom', 'Morbi non lectus. Aliquam sit amet diam in magna bibendum imperdiet. Nullam orci pede, venenatis non, sodales sed, tincidunt eu, felis.

Fusce posuere felis sed lacus. Morbi sem mauris, laoreet ut, rhoncus aliquet, pulvinar sed, nisl. Nunc rhoncus dui vel sem.

Sed sagittis. Nam congue, risus semper porta volutpat, quam pede lobortis ligula, sit amet eleifend pede libero quis orci. Nullam molestie nibh in lectus.', 'song7');
insert into post (title, body, user_id) values ('Endgame', 'Vestibulum ac est lacinia nisi venenatis tristique. Fusce congue, diam id ornare imperdiet, sapien urna pretium nisl, ut volutpat sapien arcu sed augue. Aliquam erat volutpat.', 'song8');
insert into post (title, body, user_id) values ('Voices of Iraq', 'Aliquam quis turpis eget elit sodales scelerisque. Mauris sit amet eros. Suspendisse accumsan tortor quis turpis.

Sed ante. Vivamus tortor. Duis mattis egestas metus.', 'song1');
insert into post (title, body, user_id) values ('Jesus Henry Christ', 'Proin leo odio, porttitor id, consequat in, consequat ut, nulla. Sed accumsan felis. Ut at dolor quis odio consequat varius.

Integer ac leo. Pellentesque ultrices mattis odio. Donec vitae nisi.', 'song2');
insert into post (title, body, user_id) values ('Thirst (Bakjwi)', 'In hac habitasse platea dictumst. Morbi vestibulum, velit id pretium iaculis, diam erat fermentum justo, nec condimentum neque sapien placerat ante. Nulla justo.

Aliquam quis turpis eget elit sodales scelerisque. Mauris sit amet eros. Suspendisse accumsan tortor quis turpis.', 'song3');
insert into post (title, body, user_id) values ('Hadewijch', 'Maecenas leo odio, condimentum id, luctus nec, molestie sed, justo. Pellentesque viverra pede ac diam. Cras pellentesque volutpat dui.

Maecenas tristique, est et tempus semper, est quam pharetra magna, ac consequat metus sapien ut nunc. Vestibulum ante ipsum primis in faucibus orci luctus et ultrices posuere cubilia Curae; Mauris viverra diam vitae quam. Suspendisse potenti.', 'song4');
insert into post (title, body, user_id) values ('Björk: Volumen', 'Fusce posuere felis sed lacus. Morbi sem mauris, laoreet ut, rhoncus aliquet, pulvinar sed, nisl. Nunc rhoncus dui vel sem.

Sed sagittis. Nam congue, risus semper porta volutpat, quam pede lobortis ligula, sit amet eleifend pede libero quis orci. Nullam molestie nibh in lectus.

Pellentesque at nulla. Suspendisse potenti. Cras in purus eu magna vulputate luctus.', 'song5');
insert into post (title, body, user_id) values ('House II: The Second Story', 'Aenean lectus. Pellentesque eget nunc. Donec quis orci eget orci vehicula condimentum.

Curabitur in libero ut massa volutpat convallis. Morbi odio odio, elementum eu, interdum eu, tincidunt in, leo. Maecenas pulvinar lobortis est.

Phasellus sit amet erat. Nulla tempus. Vivamus in felis eu sapien cursus vestibulum.', 'song6');
insert into post (title, body, user_id) values ('Logan''s Run', 'Maecenas leo odio, condimentum id, luctus nec, molestie sed, justo. Pellentesque viverra pede ac diam. Cras pellentesque volutpat dui.

Maecenas tristique, est et tempus semper, est quam pharetra magna, ac consequat metus sapien ut nunc. Vestibulum ante ipsum primis in faucibus orci luctus et ultrices posuere cubilia Curae; Mauris viverra diam vitae quam. Suspendisse potenti.

Nullam porttitor lacus at turpis. Donec posuere metus vitae ipsum. Aliquam non mauris.', 'song7');

insert into post (title, body, user_id) values ('Gia', 'Quisque id justo sit amet sapien dignissim vestibulum. Vestibulum ante ipsum primis in faucibus orci luctus et ultrices posuere cubilia Curae; Nulla dapibus dolor vel est. Donec odio justo, sollicitudin ut, suscipit a, feugiat et, eros.
Vestibulum ac est lacinia nisi venenatis tristique. Fusce congue, diam id ornare imperdiet, sapien urna pretium nisl, ut volutpat sapien arcu sed augue. Aliquam erat volutpat.', 'song8');

insert into comment (comment, post_id, user_id)

values ('this is comment!!!!', '1', 'song1'),
('this is comment!!!!', '1', 'song2'),
('this is comment!!!!', '2', 'song3'),
('this is comment!!!!', '2', 'song4'),
('this is comment!!!!', '3', 'song5'),
('this is comment!!!!', '3', 'song6'),
('this is comment!!!!', '4', 'song7'),
('this is comment!!!!', '5', 'song8'),
('this is comment!!!!', '5', 'song1'),
('this is comment!!!!', '6', 'song2'),
('this is comment!!!!', '6', 'song3'),
('this is comment!!!!', '7', 'song4'),
('this is comment!!!!', '7', 'song5'),
('this is comment!!!!', '8', 'song6');

# insert into follow_entity(from_user, to_user)
# values
#     ('song1', 'song2'),
#     ('song1', 'song3'),
#     ('song1', 'song4'),
#     ('song1', 'song5'),
#     ('song1', 'song6'),
#     ('song1', 'song7'),
#     ('song1', 'song8'),
#     ('song1', 'song9'),
#     ('song2', 'song3'),
#     ('song2', 'song4'),
#     ('song2', 'song5');